F1B012001,50203314,IPA
F1B012002,50202496,Multimedia
F1B012004,50202501,IPA
F1B012005,20551643,IPA
F1B012006,50222416,IPA
F1B012007,50202499,IPA
F1B012009,50204008,IPA
F1B012010,50205726,Multimedia
F1B012011,50201385,IPA
F1B012012,50202522,IPA
F1B012013,50204503,IPA
F1B012017,50200384,IPA
F1B012018,50204505,Teknik Instalasi Tenaga Listrik
F1B012019,50204512,IPA
F1B012020,50202522,IPA
F1B012021,50203319,Teknik Pemesinan
F1B012022,50200376,Teknik Komputer dan Jaringan
F1B012023,50200384,IPA
F1B012024,50204505,Teknik Komputer dan Jaringan
F1B012025,50204513,IPA
F1B012026,50204505,IPA
F1B012027,50204515,IPA
F1B012028,50200403,Multimedia
F1B012029,50204513,IPA
F1B012030,50204505,Teknik Instalasi Tenaga Listrik
F1B012031,50204505,IPA
F1B012032,50205626,Teknik Komputer dan Jaringan
F1B012033,50204503,IPA
F1B012034,50204505,Teknik Komputer dan Jaringan
F1B012035,50204513,IPA
F1B012036,50204515,IPA
F1B012037,50204505,Teknik Instalasi Tenaga Listrik
F1B012038,50204503,IPA
F1B012039,50202501,IPA
F1B012040,50203309,IPA
F1B012041,50204513,IPA
F1B012042,50204505,Teknik Instalasi Tenaga Listrik
F1B012043,50204505,Teknik Audio Video
F1B012044,50204513,IPA
F1B012045,50204505,Teknik Audio Video
F1B012046,50202412,IPA
F1B012047,50204505,Teknik Instalasi Tenaga Listrik
F1B012048,50204515,IPA
F1B012049,50204503,IPA
F1B012050,50204505,Teknik Instalasi Tenaga Listrik
F1B012051,50204505,Multimedia
F1B012052,50204512,IPA
F1B012053,50203314,IPA
F1B012054,50204503,IPA
F1B012055,50203310,IPA
F1B012056,50204512,IPA
F1B012057,50204505,Teknik Komputer dan Jaringan
F1B012058,50204505,Teknik Audio Video
F1B012059,50204513,IPA
F1B012060,50204732,IPA
F1B012061,50204512,IPA
F1B012062,50204505,Multimedia
F1B012063,50204513,IPA
F1B012064,50202522,IPA
F1B012065,50204503,IPA
F1B012066,50204513,IPA
F1B012067,50204505,Teknik Instalasi Tenaga Listrik
F1B012068,50202501,IPA
F1B012069,50204515,IPA
F1B012070,50204513,IPA
F1B012071,50204505,Teknik Komputer dan Jaringan
F1B012072,50204512,IPA
F1B012073,50203312,IPA
F1B012074,50204513,IPA
F1B012075,50202522,IPA
F1B012076,50204505,Teknik Komputer dan Jaringan
F1B012077,50200376,IPA
F1B012078,50200403,Elektronika Industri
F1B012079,50105650,IPA
F1B012081,50200402,Teknik Komputer dan Jaringan
F1B012082,50204505,Teknik Instalasi Tenaga Listrik
F1B012083,50202392,IPA
F1B012085,50204505,Multimedia
F1B012086,50205211,IPA
F1B012087,50204517,IPA
F1B012089,50205726,Otomotif
F1B012091,50222412,IPA
F1B012092,50201392,IPA
F1B012095,50205726,Multimedia
F1B012096,50202412,IPA
F1B012097,50204515,IPA
F1B012098,50201370,Teknik Instalasi Tenaga Listrik
F1B013001,50204505,Teknik Instalasi Tenaga Listrik
F1B013002,50204517,IPA
F1B013003,50204513,IPA
F1B013004,50204505,Teknik Instalasi Tenaga Listrik
F1B013005,50204513,IPA
F1B013006,50204503,IPA
F1B013007,50204505,Teknik Instalasi Tenaga Listrik
F1B013008,50203319,Multimedia
F1B013009,50204517,IPA
F1B013010,50202501,IPA
F1B013011,50204505,Teknik Instalasi Tenaga Listrik
F1B013012,50204513,IPA
F1B013013,50204505,IPA
F1B013014,50204517,IPA
F1B013015,50204503,IPA
F1B013016,50204505,Multimedia
F1B013017,50204515,IPA
F1B013018,50204503,IPA
F1B013019,50204505,Teknik Komputer dan Jaringan
F1B013020,50203312,IPA
F1B013021,50204732,IPA
F1B013022,50204505,Teknik Instalasi Tenaga Listrik
F1B013023,50204515,IPA
F1B013024,50204503,IPA
F1B013025,50204505,Teknik Instalasi Tenaga Listrik
F1B013026,50204513,IPA
F1B013027,50203308,IPA
F1B013028,50204503,IPA
F1B013029,50204513,IPA
F1B013030,50204505,Teknik Instalasi Tenaga Listrik
F1B013031,50204517,IPA
F1B013032,50204515,IPA
F1B013033,50204505,Teknik Komputer dan Jaringan
F1B013034,50204517,IPA
F1B013035,50204505,Teknik Instalasi Tenaga Listrik
F1B013036,50204513,IPA
F1B013037,50204503,IPA
F1B013038,50204517,IPA
F1B013040,50203309,IPA
F1B013042,50200386,IPA
F1B013043,50200383,IPA
F1B013044,50204506,Teknik Komputer dan Jaringan
F1B013045,50203311,IPA
F1B013047,50204512,IPA
F1B013048,50204505,Teknik Audio Video
F1B013050,50200403,Teknik Pembangkit Listrik
F1B013051,50203310,IPA
F1B013052,50204511,IPA
F1B013053,50202412,Teknik Elektro
F1B013054,50201388,IPA
F1B013055,50204515,IPA
F1B013056,50204505,Teknik Mesin
F1B013057,50200403,teknik elektro
F1B013058,50219592,Multimedia
F1B013059,50200380,IPA
F1B013060,50202504,IPA
F1B013061,50204505,Teknik Instalasi Tenaga Listrik
F1B013062,50204515,IPA
F1B013063,50204503,IPA
F1B013064,50204505,Teknik Instalasi Tenaga Listrik
F1B013065,50204517,IPA
F1B013066,50204512,IPA
F1B013067,50204503,IPA
F1B013068,50204505,Teknik Instalasi Tenaga Listrik
F1B013069,50204513,IPA
F1B013070,50204515,IPA
F1B013071,50204505,Teknik Audio Video
F1B013072,50204517,IPA
F1B013073,50204503,IPA
F1B013074,50204505,Teknik Instalasi Tenaga Listrik
F1B013075,50204513,IPA
F1B013076,50204512,IPA
F1B013077,50204503,IPA
F1B013078,50204505,Teknik Instalasi Tenaga Listrik
F1B013079,50204513,IPA
F1B013080,50204515,IPA
F1B013081,50204505,Teknik Instalasi Tenaga Listrik
F1B013082,50204732,IPA
F1B013083,50204503,IPA
F1B013084,50204505,Teknik Instalasi Tenaga Listrik
F1B013085,50204513,IPA
F1B013086,50204515,IPA
F1B013087,50204505,Teknik Instalasi Tenaga Listrik
F1B013088,50204517,IPA
F1B013089,50204503,IPA
F1B013090,50204505,Multimedia
F1B013091,50204513,IPA
F1B013092,50204515,IPA
F1B013093,50204505,Teknik Komputer dan Jaringan
F1B013094,50204732,IPA
F1B013095,50204503,IPA
F1B013096,50204505,Teknik Komputer dan Jaringan
F1B013098,50200374,Teknik Komputer dan Jaringan
F1B014001,50204505,Teknik Komputer dan Jaringan
F1B014002,50204503,IPA
F1B014003,50204322,IPA
F1B014004,50222412,IPA
F1B014005,50201387,IPA
F1B014006,50204322,IPA
F1B014007,50204503,IPA
F1B014008,50203319,Teknik Instalasi Tenaga Listrik
F1B014009,50203314,IPA
F1B014010,50203310,IPA
F1B014011,50204007,IPA
F1B014012,50202412,IPA
F1B014013,50204732,IPA
F1B014014,50204517,IPA
F1B014015,50201391,IPA
F1B014016,50204513,IPA
F1B014017,50203310,IPA
F1B014018,50204505,Teknik Instalasi Tenaga Listrik
F1B014019,50204513,IPA
F1B014020,50204503,IPA
F1B014021,50203309,IPA
F1B014022,50204513,IPA
F1B014023,50204505,Multimedia
F1B014024,50222409,IPA
F1B014025,50204503,IPA
F1B014026,50204513,IPA
F1B014027,50204505,Teknik Instalasi Tenaga Listrik
F1B014028,50204517,IPA
F1B014029,50204503,IPA
F1B014030,50204505,Teknik Komputer dan Jaringan
F1B014031,50204513,IPA
F1B014032,50204517,IPA
F1B014033,50204503,IPA
F1B014034,50204505,Teknik Instalasi Tenaga Listrik
F1B014035,50204513,IPA
F1B014036,50204517,IPA
F1B014037,50204503,IPA
F1B014038,50204505,Teknik Instalasi Tenaga Listrik
F1B014039,50204513,IPA
F1B014040,50204515,IPA
F1B014041,50204505,Teknik Instalasi Tenaga Listrik
F1B014042,50204732,IPA
F1B014043,50204503,IPA
F1B014044,50204505,Teknik Instalasi Tenaga Listrik
F1B014045,50204513,IPA
F1B014046,50204515,IPA
F1B014047,50204505,Teknik Instalasi Tenaga Listrik
F1B014048,50204517,IPA
F1B014049,50204503,IPA
F1B014050,50204505,Teknik Komputer dan Jaringan
F1B014051,50222471,IPA
F1B014052,50204513,IPA
F1B014053,50204515,IPA
F1B014054,50204505,Teknik Instalasi Tenaga Listrik
F1B014055,50204732,IPA
F1B014056,50204503,IPA
F1B014057,50204505,Multimedia
F1B014058,50204513,IPA
F1B014059,50204517,IPA
F1B014060,50204505,Teknik Instalasi Tenaga Listrik
F1B014061,50204732,IPA
F1B014062,50204503,IPA
F1B014063,50204505,Teknik Instalasi Tenaga Listrik
F1B014064,50204513,IPA
F1B014065,50204517,IPA
F1B014066,50204505,Teknik Instalasi Tenaga Listrik
F1B014067,50204503,IPA
F1B014068,50204505,Teknik Komputer dan Jaringan
F1B014069,50204513,IPA
F1B014070,50204515,IPA
F1B014071,50205212,IPA
F1B014072,50204503,IPA
F1B014073,50204513,IPA
F1B014074,50204515,IPA
F1B014075,50204505,Teknik Instalasi Tenaga Listrik
F1B014076,50204732,IPA
F1B014077,50204503,IPA
F1B014078,50204505,Multimedia
F1B014079,50204513,IPA
F1B014080,50204515,IPA
F1B014081,50204505,Teknik Instalasi Tenaga Listrik
F1B014082,50204517,IPA
F1B014083,50204503,IPA
F1B014084,50204505,Teknik Instalasi Tenaga Listrik
F1B014085,50204513,IPA
F1B014086,50204515,IPA
F1B014087,50204505,Teknik Instalasi Tenaga Listrik
F1B014088,50204517,IPA
F1B014089,50204503,IPA
F1B014090,50204505,Teknik Komputer dan Jaringan
F1B014091,50204513,IPA
F1B014092,50204515,IPA
F1B014093,50204505,Teknik Instalasi Tenaga Listrik
F1B014094,50204732,IPA
F1B014095,50204503,IPA
F1B014096,50204505,Multimedia
F1B014097,50204513,IPA
F1B014098,50204515,IPA
F1B014099,50204505,Teknik Instalasi Tenaga Listrik
F1B014100,50204517,IPA
F1B014101,50204503,IPA
F1B014102,50204505,Teknik Komputer dan Jaringan
F1B014103,50204513,IPA
F1B014104,50203691,IPA
F1B014107,50222441,IPA
F1B015001,50204515,IPA
F1B015002,50204505,Teknik Komputer dan Jaringan
F1B015003,50204732,IPA
F1B015004,50204503,IPA
F1B015005,50204505,Teknik Instalasi Tenaga Listrik
F1B015006,50204513,IPA
F1B015007,50204515,IPA
F1B015008,50204505,Teknik Instalasi Tenaga Listrik
F1B015009,50204517,IPA
F1B015010,50204503,IPA
F1B015011,50204505,Teknik Komputer dan Jaringan
F1B015012,50204513,IPA
F1B015013,50204517,IPA
F1B015014,50204505,Teknik Instalasi Tenaga Listrik
F1B015015,50204503,IPA
F1B015016,50204505,Multimedia
F1B015017,50204513,IPA
F1B015018,50204515,IPA
F1B015019,50204505,Teknik Instalasi Tenaga Listrik
F1B015020,50204517,IPA
F1B015021,50204503,IPA
F1B015022,50204505,Teknik Komputer dan Jaringan
F1B015023,50204513,IPA
F1B015024,50204517,IPA
F1B015025,50204505,Teknik Instalasi Tenaga Listrik
F1B015026,50204503,IPA
F1B015027,50204505,Teknik Instalasi Tenaga Listrik
F1B015028,50204513,IPA
F1B015029,50204515,IPA
F1B015030,50204505,Teknik Instalasi Tenaga Listrik
F1B015031,50204732,IPA
F1B015032,50204503,IPA
F1B015033,50204505,Teknik Komputer dan Jaringan
F1B015034,50204513,IPA
F1B015035,50204517,IPA
F1B015036,50204505,Teknik Instalasi Tenaga Listrik
F1B015037,50204503,IPA
F1B015038,50204505,Multimedia
F1B015039,50204513,IPA
F1B015040,50204515,IPA
F1B015041,50204505,Teknik Instalasi Tenaga Listrik
F1B015042,50204517,IPA
F1B015043,50204503,IPA
F1B015044,50204505,Teknik Instalasi Tenaga Listrik
F1B015045,50204513,IPA
F1B015046,50204515,IPA
F1B015047,50204505,Teknik Instalasi Tenaga Listrik
F1B015048,50204517,IPA
F1B015049,50204503,IPA
F1B015050,50204505,Teknik Komputer dan Jaringan
F1B015051,50204513,IPA
F1B015052,50205632,IPA
F1B016001,50204517,IPA
F1B016002,50204503,IPA
F1B016003,50204505,Teknik Instalasi Tenaga Listrik
F1B016004,50204513,IPA
F1B016005,50204517,IPA
F1B016006,50204505,Teknik Instalasi Tenaga Listrik
F1B016007,50204503,IPA
F1B016008,50204505,Multimedia
F1B016009,50204513,IPA
F1B016010,50204515,IPA
F1B016011,50204505,Teknik Instalasi Tenaga Listrik
F1B016012,50204517,IPA
F1B016013,50204503,IPA
F1B016014,50204505,Teknik Komputer dan Jaringan
F1B016015,50204513,IPA
F1B016016,50223277,IPA
F1B016017,50202522,IPA
F1B016018,50203314,IPA
F1B016019,50204010,IPA
F1B016020,50204505,Teknik Elektronika Industri
F1B016021,50204512,IPA
F1B016022,50204513,IPA
F1B016023,50204505,Teknik Elektronika Industri
F1B016024,50204505,Teknik Komputer dan Jaringan
F1B016025,50203312,IPA
F1B016026,50202496,Teknik Komputer dan Jaringan
F1B016027,50220769,Teknik Komputer dan Jaringan
F1B016028,50203691,IPA
F1B016029,50105650,IPA
F1B016030,50204513,IPA
F1B016031,50204505,Teknik Elektronika Industri
F1B016032,50204517,IPA
F1B016033,50204503,IPA
F1B016034,50204505,Teknik Komputer dan Jaringan
F1B016035,50204513,IPA
F1B016036,50204515,IPA
F1B016037,50204505,Teknik Instalasi Tenaga Listrik
F1B016038,50204517,IPA
F1B016039,50204503,IPA
F1B016040,50204505,Teknik Instalasi Tenaga Listrik
F1B016041,50204513,IPA
F1B016042,50204515,IPA
F1B016043,50204505,Teknik Instalasi Tenaga Listrik
F1B016044,50204517,IPA
F1B016045,50204503,IPA
F1B016046,50204505,Teknik Komputer dan Jaringan
F1B016047,50204513,IPA
F1B016048,50204515,IPA
F1B016049,50204505,Teknik Instalasi Tenaga Listrik
F1B016050,50204517,IPA
F1B016051,50204503,IPA
F1B016052,50204505,Multimedia
F1B016053,50204513,IPA
F1B016054,50204515,IPA
F1B016055,50204505,Teknik Instalasi Tenaga Listrik
F1B016056,50204517,IPA
F1B016057,50204503,IPA
F1B016058,50204505,Teknik Instalasi Tenaga Listrik
F1B016059,50204513,IPA
F1B016060,50204515,IPA
F1B016061,50204505,Teknik Komputer dan Jaringan
F1B016062,50204517,IPA
F1B016063,50204503,IPA
F1B016064,50204505,Teknik Instalasi Tenaga Listrik
F1B016065,50204513,IPA
F1B016066,50204515,IPA
F1B016067,50204505,Teknik Instalasi Tenaga Listrik
F1B016068,50204515,IPA
F1B016069,50203310,IPA
F1B016070,50204505,Teknik Gambar Bangunan
F1B016071,50204513,IPA
F1B016072,50204517,IPA
F1B016075,50204515,IPA
F1B016076,50204503,IPA
F1B016077,50204505,Teknik Komputer dan Jaringan
F1B016078,50203691,IPA
F1B016080,50203310,IPA
F1B016081,50200380,IPA
F1B016082,50204732,IPA
F1B016083,50204513,IPA
F1B016084,50204505,Teknik Komputer dan Jaringan
F1B016085,50203311,IPA
F1B016086,50204517,IPA
F1B016087,50203314,IPA
F1B016028,50201384,IPS
F1B016029,50204505,Teknik Komputer dan Jaringan
F1B016032,50204732,IPA
F1B016033,50204517,IPA
F1B016034,50204505,Teknik Komputer dan Jaringan
F1B017001,50204505,Teknik Instalasi Tenaga Listrik
F1B017002,50204513,IPA
F1B017003,50204503,IPA
F1B017004,50204505,Teknik Instalasi Tenaga Listrik
F1B017005,50204513,IPA
F1B017006,50204517,IPA
F1B017007,50204505,Teknik Instalasi Tenaga Listrik
F1B017008,50204503,IPA
F1B017009,50204505,Multimedia
F1B017010,50204513,IPA
F1B017011,50204515,IPA
F1B017012,50204505,Teknik Instalasi Tenaga Listrik
F1B017013,50204517,IPA
F1B017014,50204503,IPA
F1B017015,50204505,Teknik Komputer dan Jaringan
F1B017016,50204513,IPA
F1B017017,50204517,IPA
F1B017018,50204505,Teknik Instalasi Tenaga Listrik
F1B017019,50204503,IPA
F1B017020,50204505,Teknik Instalasi Tenaga Listrik
F1B017021,50204513,IPA
F1B017022,50204505,Rekayasa Perangkat Lunak
F1B017023,20252595,IPA
F1B017024,50205726,Multimedia
F1B017025,50204505,Teknik Instalasi Tenaga Listrik
F1B017026,50204503,IPA
F1B017027,50204503,IPA
F1B017028,50204731,IPA
F1B017029,50105651,IPA
F1B017030,50105650,IPA
F1B017031,50202412,IPA
F1B017032,50201393,IPA
F1B017033,50204505,Teknik Audio Video
F1B017034,50204515,IPA
F1B017035,50100845,IPA
F1B017036,50204515,IPA
F1B017037,50204505,Teknik Komputer dan Jaringan
F1B017038,50204515,IPA
F1B017039,50204503,IPA
F1B017040,50204505,Teknik Instalasi Tenaga Listrik
F1B017041,50204513,IPA
F1B017042,50204517,IPA
F1B017043,50204505,Teknik Instalasi Tenaga Listrik
F1B017044,50204503,IPA
F1B017045,50204505,Multimedia
F1B017046,50204513,IPA
F1B017047,50204515,IPA
F1B017048,50204505,Teknik Instalasi Tenaga Listrik
F1B017049,50204517,IPA
F1B017050,50204503,IPA
F1B017051,50204505,Teknik Instalasi Tenaga Listrik
F1B017052,50204513,IPA
F1B017053,50204515,IPA
F1B017054,50204505,Teknik Komputer dan Jaringan
F1B017055,50204517,IPA
F1B017056,50204503,IPA
F1B017057,50204505,Teknik Instalasi Tenaga Listrik
F1B017058,50204513,IPA
F1B017059,50204515,IPA
F1B017060,50204505,Teknik Instalasi Tenaga Listrik
F1B017061,50204517,IPA
F1B017062,50204503,IPA
F1B017063,50204505,Teknik Komputer dan Jaringan
F1B017064,50204513,IPA
F1B017065,50204515,IPA
F1B017066,50204505,Teknik Instalasi Tenaga Listrik
F1B017067,50204517,IPA
F1B017068,50204503,IPA
F1B017069,50204505,Multimedia
F1B017070,50204513,IPA
F1B017071,50204515,IPA
F1B017072,50204505,Teknik Instalasi Tenaga Listrik
F1B017073,50204517,IPA
F1B017074,50204503,IPA
F1B017075,50204505,Teknik Instalasi Tenaga Listrik
F1B017076,50204513,IPA
F1B017077,50204515,IPA
F1B017078,50204505,Teknik Komputer dan Jaringan
F1B017079,50204517,IPA
F1B017080,50204503,IPA
F1B017081,50204505,Teknik Instalasi Tenaga Listrik
F1B017082,50205626,Teknik Komputer dan Jaringan
F1B017083,50200380,IPA
F1B017084,50203305,IPA
F1B017085,50203314,IPA
F1B017086,50204732,IPA
F1B017087,50203691,IPA
F1B017088,50200374,Teknik Komputer dan Jaringan
F1B017089,50204515,IPA
F1B017090,50203691,IPA
F1B017091,50204513,IPA
F1B017092,50204715,IPA
F1B017093,50204503,IPA
F1B017094,50203313,IPA
F1B017095,50204322,IPA
F1B017096,50200386,IPA
F1B113001,50204505,Teknik Instalasi Tenaga Listrik
F1B113002,50204513,IPA
F1B113003,50204517,IPA
F1B113004,50204505,Teknik Instalasi Tenaga Listrik
F1B113005,50204503,IPA
F1B113006,50204505,Teknik Instalasi Tenaga Listrik
F1B113007,50204513,IPA
F1B113008,50204515,IPA
F1B113009,50204505,Teknik Instalasi Tenaga Listrik
F1B113010,50204517,IPA
F1B113011,50204503,IPA
F1B113012,50204505,Teknik Komputer dan Jaringan
F1B113013,50204513,IPA
F1B113014,50204517,IPA
F1B113015,50204505,Teknik Instalasi Tenaga Listrik
F1B113016,50204503,IPA
F1B113017,50204505,Teknik Instalasi Tenaga Listrik
F1B113018,50204513,IPA
F1B113019,50204515,IPA
F1B113020,50204505,Teknik Instalasi Tenaga Listrik
F1B113021,50204517,IPA
F1B113022,50204503,IPA
F1B113023,50204505,Teknik Komputer dan Jaringan
F1B113024,50204513,IPA
F1B113025,50204515,IPA
F1B113026,50204505,Teknik Instalasi Tenaga Listrik
F1B113027,50204517,IPA
F1B113028,50204503,IPA
F1B113029,50204505,Multimedia
F1B113030,50204513,IPA
F1B113031,50204515,IPA
F1B113032,50204505,Teknik Instalasi Tenaga Listrik
F1B113033,50204517,IPA
F1B113034,50204503,IPA
F1B113035,50204505,Teknik Instalasi Tenaga Listrik
F1B113036,50204513,IPA
F1B113037,50204515,IPA
F1B113038,50204505,Teknik Komputer dan Jaringan
F1B113039,50204517,IPA
F1B113040,50204503,IPA
F1B113041,50204505,Teknik Instalasi Tenaga Listrik
F1B113042,50204513,IPA
F1B113043,50204517,IPA
F1B113044,50204505,Teknik Instalasi Tenaga Listrik
F1B113045,50204503,IPA
F1B113046,50204505,Multimedia
F1B113047,50204513,IPA
F1B113048,50204515,IPA
F1B113049,50204505,Teknik Instalasi Tenaga Listrik
F1B113050,50204517,IPA
F1B114001,50204505,Teknik Instalasi Tenaga Listrik
F1B114002,50204513,IPA
F1B114003,50204503,IPA
F1B114004,50204505,Teknik Komputer dan Jaringan
F1B114005,50204513,IPA
F1B114006,50204515,IPA
F1B114007,50204505,Teknik Instalasi Tenaga Listrik
F1B114008,50204517,IPA
F1B114009,50204505,Multimedia
F1B114010,50200380,IPA
F1B114011,50105651,IPA
F1B114012,50204505,Teknik Elektronika Industri
F1B114013,50204505,Teknik Instalasi Tenaga Listrik
F1B114014,50202496,Teknik Pengelasan
F1B114015,50219638,Teknik Komputer dan Jaringan
F1B114016,50201370,Teknik Audio Video
F1B114017,50204512,IPA
F1B114018,50204510,Multimedia
F1B114019,50204717,Teknik Instalasi Tenaga Listrik
F1B114022,50200374,Teknik Komputer dan Jaringan
F1B114023,50204505,Teknik Instalasi Tenaga Listrik
F1B114024,50204732,IPA
F1B114025,50204503,IPA
F1B114026,50204505,Teknik Instalasi Tenaga Listrik
F1B114027,50204513,IPA
F1B114028,50204517,IPA
F1B114029,50204505,Teknik Instalasi Tenaga Listrik
F1B114030,50204503,IPA
F1B114031,50204505,Teknik Instalasi Tenaga Listrik
F1B114032,50204513,IPA
F1B114033,50204515,IPA
F1B114034,50204505,Teknik Instalasi Tenaga Listrik
F1B114035,50204517,IPA
F1B114036,50204503,IPA
F1B114037,50204505,Teknik Komputer dan Jaringan
F1B114038,50204513,IPA
F1B114039,50204517,IPA
F1B114040,50204505,Teknik Instalasi Tenaga Listrik
F1B114041,50204503,IPA
F1B114042,50204505,Multimedia
F1B114043,50204513,IPA
F1B114044,50204515,IPA
F1B114045,50204505,Teknik Instalasi Tenaga Listrik
F1B114046,50204517,IPA
F1B114047,50204503,IPA
F1B114048,50204505,Teknik Instalasi Tenaga Listrik
F1B114049,50204513,IPA
F1B114050,50204515,IPA
F1B115020,50202495,Multimedia
F1B115021,50202502,IPA
F1B115022,50204503,IPA
F1B115023,50204717,Teknik Audio Video
F1B115024,50203683,Teknik Komputer dan Jaringan
F1B115025,50105650,IPA
F1B115026,50105651,IPA
F1B115027,50204505,Teknik Elektronika Industri
F1B115028,50222418,IPA
F1B115029,50202411,IPA
F1B115030,50204715,IPA
F1B115031,50204505,Teknik Instalasi Tenaga Listrik
F1B115032,50222416,IPA
F1B115033,50202495,Teknik Komputer dan Jaringan
F1B115034,50204731,IPA
F1B115035,50219553,Keperawatan
F1B115036,50204506,Rekayasa Perangkat Lunak
F1B115037,50202522,IPA
F1B115038,50101696,IPA
F1B115039,50222418,IPA
F1B115040,60724902,Teknik Komputer dan Jaringan
F1B115041,50204505,Teknik Konstruksi Batu dan Beton
F1B115042,50204505,Teknik Elektronika Industri
F1B115043,50203310,IPA
F1B116001,50204715,IPA
F1B116002,50204505,Teknik Instalasi Tenaga Listrik
F1B116003,50204513,IPA
F1B116004,50204515,IPA
F1B116005,50204505,Teknik Instalasi Tenaga Listrik
F1B116006,50204517,IPA
F1B116007,50204503,IPA
F1B116008,50204505,Teknik Komputer dan Jaringan
F1B116009,50204513,IPA
F1B116010,50204517,IPA
F1B116011,50204505,Teknik Instalasi Tenaga Listrik
F1B116012,50204503,IPA
F1B116013,50204505,Teknik Instalasi Tenaga Listrik
F1B116014,50204513,IPA
F1B116015,50204515,IPA
F1B116016,50204505,Teknik Instalasi Tenaga Listrik
F1B116017,50204517,IPA
F1B116018,50204503,IPA
F1B116019,50204505,Teknik Komputer dan Jaringan
F1B116020,50204513,IPA
F1B116021,50204517,IPA
F1B116022,50204505,Teknik Instalasi Tenaga Listrik
F1B116023,50204503,IPA
F1B116024,50204505,Multimedia
F1B116025,50204513,IPA
F1B116026,50204515,IPA
F1B116027,50204505,Teknik Instalasi Tenaga Listrik
F1B117001,50204732,IPA
F1B117003,50203310,IPA
F1B117004,50222551,IPA
F1B117005,50105650,IPA
F1B117006,50220276,Multimedia
F1B117007,50204517,IPA
F1B117008,50200403,Teknik Komputer dan Jaringan
F1B117009,50204729,IPA
F1B117010,50202499,IPA
F1B117011,50202412,IPA
F1B117012,50203683,Multimedia
F1B117013,20539749,Teknik Komputer dan Jaringan
F1B117014,50204513,IPA
F1B117022,50204732,IPA
F1B117023,50203689,IPA
F1B117024,50204732,IPA
F1B117025,50219620,IPA
F1B117026,50222478,IPA
F1B117027,50222418,IPA
F1B117028,50204513,IPA
F1B117029,50204515,IPA
F1B117030,50204505,Teknik Instalasi Tenaga Listrik
F1B117031,50204517,IPA
F1B117032,50204503,IPA
F1B117033,50204505,Teknik Instalasi Tenaga Listrik
F1B117034,50204513,IPA
F1B117035,50204515,IPA
F1B117036,50204505,Teknik Instalasi Tenaga Listrik
F1B117037,50204517,IPA
F1B117038,50204503,IPA
F1B117039,50204505,Teknik Komputer dan Jaringan
F1B117040,50204513,IPA
F1B117041,50204517,IPA
F1B117042,50204505,Teknik Instalasi Tenaga Listrik
F1B117043,50204503,IPA
F1B117044,50204505,Multimedia
F1B117045,50204513,IPA
F1B117046,50204515,IPA
F1B117047,50204505,Teknik Instalasi Tenaga Listrik
F1B117048,50204517,IPA
F1B117049,50204503,IPA
F1B117050,50204505,Teknik Instalasi Tenaga Listrik
F1B117051,50204513,IPA
F1B117052,50204515,IPA
F1B117053,50204505,Teknik Komputer dan Jaringan
F1B117054,50204517,IPA
F1B117055,50204503,IPA
F1B117056,50204505,Teknik Instalasi Tenaga Listrik
F1B117057,50204513,IPA
F1B117058,50204515,IPA
F1B117059,50204505,Teknik Instalasi Tenaga Listrik
F1B117060,50204517,IPA
F1B117061,50204503,IPA
F1B117062,50204505,Teknik Instalasi Tenaga Listrik
F1B117063,50204513,IPA
F1B117064,50204515,IPA
F1B117065,50204505,Teknik Komputer dan Jaringan
F1B117066,50204517,IPA
F1B117067,50204503,IPA
F1B117068,50204505,Multimedia
F1B117069,50204513,IPA
F1B117070,50204515,IPA
F1B117071,50204505,Teknik Instalasi Tenaga Listrik
F1B117072,50204517,IPA
F1B117073,50204503,IPA
F1B117074,50204505,Teknik Instalasi Tenaga Listrik
F1B117075,50204513,IPA
F1B117076,50204515,IPA
F1B117077,50204505,Teknik Komputer dan Jaringan
F1B117078,50204517,IPA
F1B117079,50204503,IPA
F1B117080,50204505,Teknik Instalasi Tenaga Listrik
